{
    "num18": {
        "mean": 0.0963333333333333,
        "std": 0.005681964644576911
    },
    "num19": {
        "mean": 0.0840833333333333,
        "std": 0.004440188934919069
    },
    "num07": {
        "mean": 0.054874999999999986,
        "std": 0.002661779375614077
    },
    "num04": {
        "mean": 0.022875,
        "std": 0.002919344009267237
    },
    "num01": {
        "mean": 0.020541666666666646,
        "std": 0.0015258194519667068
    },
    "num20": {
        "mean": 0.01812499999999998,
        "std": 0.0015728821740147545
    },
    "num24": {
        "mean": 0.017916666666666636,
        "std": 0.0034711109332764274
    },
    "num14": {
        "mean": 0.014124999999999966,
        "std": 0.002475224456713202
    },
    "num22": {
        "mean": 0.012124999999999964,
        "std": 0.0018013305267681177
    },
    "num16": {
        "mean": 0.01141666666666662,
        "std": 0.0024309920243024753
    },
    "num08": {
        "mean": 0.009833333333333315,
        "std": 0.0022376202636829323
    },
    "num21": {
        "mean": 0.009333333333333315,
        "std": 0.0024309920243024566
    },
    "num17": {
        "mean": 0.00862499999999996,
        "std": 0.0020920650351055198
    },
    "num13": {
        "mean": 0.0074583333333333,
        "std": 0.002747789515632925
    },
    "num02": {
        "mean": 0.005083333333333306,
        "std": 0.0012747548783982024
    },
    "num06": {
        "mean": 0.0034999999999999697,
        "std": 0.0021666666666666674
    },
    "tenure_months": {
        "mean": 0.0007083333333333331,
        "std": 0.00041874481754670294
    },
    "num10": {
        "mean": 0.0006249999999999977,
        "std": 0.0003841476857205669
    },
    "num12": {
        "mean": 0.00033333333333330774,
        "std": 0.000946484724300045
    },
    "cat_payment": {
        "mean": 0.0002499999999999836,
        "std": 0.0003818813079129979
    },
    "num15": {
        "mean": 0.00024999999999997247,
        "std": 0.0008164965809277325
    },
    "num05": {
        "mean": -0.0002083333333333659,
        "std": 0.0005667279378639838
    },
    "num23": {
        "mean": -0.0005000000000000115,
        "std": 0.0008897565210026091
    },
    "num09": {
        "mean": -0.0005833333333333468,
        "std": 0.001121135337256156
    },
    "cat_region": {
        "mean": -0.0006666666666667043,
        "std": 0.00027638539919625285
    },
    "num03": {
        "mean": -0.0008333333333333526,
        "std": 0.000493006648591618
    },
    "num11": {
        "mean": -0.0010833333333333584,
        "std": 0.0006770032003863183
    },
    "cat_contract": {
        "mean": -0.0012083333333333223,
        "std": 0.0004350127712046126
    }
}