{
    "DummyClassifier": {
        "accuracy": 0.6766666666666666,
        "f1": 0.0,
        "roc_auc": 0.5
    },
    "LogisticRegression": {
        "accuracy": 0.8275,
        "f1": 0.7076271186440678,
        "roc_auc": 0.8746905312071505
    },
    "DecisionTree": {
        "accuracy": 0.8683333333333333,
        "f1": 0.7879194630872484,
        "roc_auc": 0.9066951589558683
    },
    "RandomForest": {
        "accuracy": 0.9225,
        "f1": 0.8726027397260274,
        "roc_auc": 0.9648451386420192
    },
    "GradientBoosting": {
        "accuracy": 0.9266666666666666,
        "f1": 0.8834437086092716,
        "roc_auc": 0.967012213701691
    }
}