experiment_id,dataset,seed,model_summary,dropout,batchnorm,epochs_trained,best_val_accuracy,best_val_loss
E0,EMNIST,42,MLP(784→128→47),0.0,False,20,0.8289930555555556,0.5506947841909197
E1,EMNIST,42,MLP(784→256→128→47),0.0,False,20,0.8475694444444445,0.4827992220719655
E2,EMNIST,42,MLP+Dropout(0.3),0.3,False,20,0.83828125,0.4940941598680284
E3,EMNIST,42,MLP+BatchNorm,0.0,True,20,0.8490451388888889,0.4586556586954329
E4,EMNIST,42,MLP+Reg+EarlyStopping,0.0,True,8,0.8466145833333333,0.4586556586954329
