{
  "Dataset 01": {
    "algorithm": "kmeans",
    "parameters": {
      "k": 2
    },
    "silhouette": 0.5216395622404242,
    "davies_bouldin": 0.6853295219054459,
    "calinski_harabasz": 11786.95462267153,
    "n_clusters": 2,
    "noise_fraction": 0.0
  },
  "Dataset 02": {
    "algorithm": "dbscan",
    "parameters": {
      "eps": 0.7,
      "min_samples": 3
    },
    "silhouette": 0.34554999921850155,
    "davies_bouldin": 0.5509870790351408,
    "calinski_harabasz": 10.405774777673173,
    "n_clusters": 2,
    "noise_fraction": 0.007125
  },
  "Dataset 03": {
    "algorithm": "kmeans",
    "parameters": {
      "k": 3
    },
    "silhouette": 0.31554470037825183,
    "davies_bouldin": 1.1577256320598661,
    "calinski_harabasz": 6957.162639510166,
    "n_clusters": 3,
    "noise_fraction": 0.0
  }
}