{
  "hidden_sizes": [
    256,
    128
  ],
  "dropout_p": 0.0,
  "use_batchnorm": true,
  "optimizer": "Adam",
  "lr": 0.001,
  "momentum": 0.0,
  "weight_decay": 0.0,
  "dataset": "EMNIST",
  "seed": 42,
  "fast_mode": true,
  "epochs_trained": 12,
  "best_val_accuracy": 0.8465589887640449,
  "best_val_loss": 0.4688828781749425,
  "test_loss": 0.4818853228478818,
  "test_accuracy": 0.8415555631792223
}