experiment_id,dataset,seed,model_summary,optimizer,lr,momentum,weight_decay,epochs_trained,best_val_accuracy,best_val_loss
E1,EMNIST,42,MLP(784→256→128→47),Adam,0.001,0.0,0.0,20,0.842872191011236,0.5081511856464858
E2,EMNIST,42,MLP+Dropout(0.3),Adam,0.001,0.0,0.0,20,0.831372893258427,0.5146777465772093
E3,EMNIST,42,MLP+BatchNorm,Adam,0.001,0.0,0.0,20,0.8465589887640449,0.4688828781749425
E4,EMNIST,42,MLP+BatchNorm+EarlyStopping,Adam,0.001,0.0,0.0,12,0.8465589887640449,0.4688828781749425
O1,EMNIST,42,MLP+BatchNorm+EarlyStopping,Adam,0.1,0.0,0.0,8,0.8200491573033708,0.5703142894787735
O2,EMNIST,42,MLP+BatchNorm+EarlyStopping,Adam,1e-05,0.0,0.0,8,0.6226299157303371,2.0462915736637757
O3,EMNIST,42,MLP+BatchNorm+EarlyStopping,SGD,0.01,0.9,0.0001,15,0.8461200842696629,0.4682852599058258
